T,dataset_sec,inference_sec
200,64.94534359999852,16.680187699999806
