xy,dataset_sec,inference_sec
8,0.016664508599962574,0.0062296500109368935
16,0.01742904319986701,0.0051665499922819436
24,0.01898674419982126,0.009462049987632781
32,0.020251293601933867,0.0162628000107361
40,0.022623622000217437,0.026553350005997345
48,0.024760941399959848,0.030469699995592237
56,0.026121960200485773,0.042583649992593564
64,0.031060203599336093,0.06911795001360588
