xy,dataset_sec,inference_sec
4,0.015040619599545607,0.004442899997229688
