xy,dataset_sec,inference_sec
64,0.026367442799848505,0.06232459998864215
